match_id,date,team_a,team_b,final_score,actual_outcome,p_team_a_win,p_draw,p_team_b_win,top_pick,treatment,variation_a,variation_b,variation_c,coverage_cost,single_correct,spread_covered,entropy,model_disagreement,confidence_margin,in_sample
m0,1994-06-17,USA,Switzerland,1-1,D,0.3336,0.283,0.3834,A,EXCLUDE,,,,0,False,False,0.9931,0.0816,0.0498,True
m1,1994-06-17,Germany,Bolivia,1-0,H,0.6753,0.1429,0.1818,H,HEDGE,H,A,H,2,True,True,0.7765,0.1534,0.4935,True
m2,1994-06-18,Spain,South Korea,2-2,D,0.6345,0.1716,0.1939,H,HEDGE,H,A,H,2,False,False,0.8276,0.1651,0.4405,True
m3,1994-06-18,Italy,Ireland,0-1,A,0.6312,0.1287,0.2401,H,HEDGE,H,A,H,2,False,True,0.8164,0.1718,0.391,True
m4,1994-06-18,Cameroon,Sweden,2-2,D,0.4092,0.2704,0.3204,H,EXCLUDE,,,,0,False,False,0.9867,0.111,0.0888,True
m5,1994-06-19,Belgium,Morocco,1-0,H,0.5009,0.2462,0.2529,H,HEDGE,H,A,H,2,True,True,0.9458,0.113,0.248,True
m6,1994-06-19,Brazil,Russia,2-0,H,0.6957,0.1328,0.1715,H,HEDGE,H,A,H,2,True,True,0.749,0.1554,0.5243,True
m7,1994-06-19,Norway,Mexico,1-0,H,0.3002,0.2526,0.4472,A,HEDGE,A,H,A,2,False,True,0.9728,0.1236,0.147,True
m8,1994-06-20,Colombia,Romania,1-3,A,0.5589,0.1395,0.3016,H,HEDGE,H,A,H,2,False,True,0.8752,0.2189,0.2573,True
m9,1994-06-21,Netherlands,Saudi Arabia,2-1,H,0.7002,0.1428,0.1571,H,HEDGE,H,A,H,2,True,True,0.7448,0.1551,0.5431,True
m10,1994-06-21,Argentina,Greece,4-0,H,0.683,0.1357,0.1813,H,HEDGE,H,A,H,2,True,True,0.7655,0.1549,0.5017,True
m11,1994-06-21,Nigeria,Bulgaria,3-0,H,0.4066,0.2576,0.3358,H,EXCLUDE,,,,0,True,False,0.9847,0.0747,0.0708,True
m12,1994-06-22,USA,Colombia,2-1,H,0.5104,0.2422,0.2475,H,HEDGE,H,A,H,2,True,True,0.9396,0.1274,0.2629,True
m13,1994-06-22,Romania,Switzerland,1-4,A,0.2744,0.13,0.5956,A,HEDGE,A,H,A,2,True,True,0.8454,0.2005,0.3213,True
m14,1994-06-23,Italy,Norway,1-0,H,0.4986,0.1866,0.3148,H,HEDGE,H,A,H,2,True,True,0.9322,0.1885,0.1837,True
m15,1994-06-23,Brazil,Cameroon,3-0,H,0.7784,0.1628,0.0588,H,HEDGE,H,D,H,2,True,True,0.5981,0.1246,0.6156,True
m16,1994-06-23,Sweden,Russia,3-1,H,0.7417,0.1626,0.0958,H,HEDGE,H,D,H,2,True,True,0.6751,0.1256,0.5791,True
m17,1994-06-24,Mexico,Ireland,2-1,H,0.5723,0.1367,0.2911,H,HEDGE,H,A,H,2,True,True,0.8653,0.2092,0.2812,True
m18,1994-06-24,Belgium,Netherlands,1-0,H,0.4316,0.2653,0.303,H,HEDGE,H,A,H,2,True,True,0.9799,0.1188,0.1286,True
m19,1994-06-25,South Korea,Bolivia,0-0,D,0.4153,0.3727,0.212,H,EXCLUDE,,,,0,False,False,0.9664,0.1505,0.0426,True
m20,1994-06-25,Germany,Spain,1-1,D,0.4053,0.3778,0.2169,H,EXCLUDE,,,,0,False,False,0.9697,0.1578,0.0276,True
m21,1994-06-25,Argentina,Nigeria,2-1,H,0.727,0.1201,0.1529,H,HEDGE,H,A,H,2,True,True,0.7041,0.1689,0.5741,True
m22,1994-06-26,Saudi Arabia,Morocco,2-1,H,0.313,0.2034,0.4837,A,HEDGE,A,H,A,2,False,True,0.9455,0.1792,0.1707,True
m23,1994-06-26,Greece,Bulgaria,0-4,A,0.3368,0.2307,0.4325,A,HEDGE,A,H,A,2,True,True,0.9716,0.1381,0.0957,True
m24,1994-06-27,USA,Romania,0-1,A,0.6176,0.1493,0.2331,H,HEDGE,H,A,H,2,False,True,0.8383,0.1763,0.3845,True
m25,1994-06-27,Switzerland,Colombia,0-2,A,0.4905,0.2371,0.2723,H,HEDGE,H,A,H,2,False,True,0.9511,0.1459,0.2182,True
m26,1994-06-28,Italy,Mexico,1-1,D,0.3945,0.3291,0.2764,H,EXCLUDE,,,,0,False,False,0.9905,0.1191,0.0654,True
m27,1994-06-28,Ireland,Norway,0-0,D,0.1836,0.3116,0.5048,A,HEDGE,A,D,A,2,False,True,0.9281,0.1931,0.1932,True
m28,1994-06-28,Brazil,Sweden,1-1,D,0.6315,0.2721,0.0964,H,HEDGE,H,D,H,2,False,True,0.7918,0.1685,0.3594,True
m29,1994-06-28,Russia,Cameroon,6-1,H,0.1961,0.1959,0.608,A,HEDGE,A,H,A,2,False,True,0.8569,0.1397,0.4119,True
m30,1994-06-29,Belgium,Saudi Arabia,0-1,A,0.6304,0.1495,0.22,H,HEDGE,H,A,H,2,False,True,0.8266,0.1952,0.4104,True
m31,1994-06-29,Morocco,Netherlands,1-2,A,0.1275,0.2154,0.657,A,HEDGE,A,D,A,2,True,True,0.7913,0.1199,0.4416,True
m32,1994-06-29,Germany,South Korea,3-2,H,0.7628,0.1335,0.1037,H,HEDGE,H,D,H,2,True,True,0.6467,0.1568,0.6292,True
m33,1994-06-29,Bolivia,Spain,1-3,A,0.1228,0.1136,0.7636,A,HEDGE,A,H,A,2,True,True,0.6468,0.1549,0.6408,True
m34,1994-06-30,Argentina,Bulgaria,0-2,A,0.697,0.1216,0.1814,H,HEDGE,H,A,H,2,False,True,0.744,0.1874,0.5157,True
m35,1994-06-30,Nigeria,Greece,2-0,H,0.5916,0.2576,0.1508,H,HEDGE,H,D,H,2,True,True,0.8603,0.094,0.3341,True
m36,1994-07-02,Germany,Belgium,3-2,H,0.5081,0.2243,0.2676,H,HEDGE,H,A,H,2,True,True,0.9394,0.1159,0.2405,True
m37,1994-07-02,Spain,Switzerland,3-0,H,0.6316,0.1894,0.1789,H,HEDGE,H,D,H,2,True,True,0.8313,0.1398,0.4422,True
m38,1994-07-03,Saudi Arabia,Sweden,1-3,A,0.291,0.2503,0.4587,A,HEDGE,A,H,A,2,True,True,0.968,0.1156,0.1677,True
m39,1994-07-03,Romania,Argentina,3-2,H,0.3004,0.1313,0.5683,A,HEDGE,A,H,A,2,False,True,0.8638,0.2146,0.2678,True
m40,1994-07-04,Netherlands,Ireland,2-0,H,0.7738,0.1138,0.1123,H,HEDGE,H,D,H,2,True,True,0.6293,0.1505,0.66,True
m41,1994-07-04,Brazil,USA,1-0,H,0.7067,0.1723,0.121,H,HEDGE,H,D,H,2,True,True,0.7316,0.1359,0.5344,True
m42,1994-07-05,Nigeria,Italy,1-2,A,0.2739,0.1216,0.6046,A,HEDGE,A,H,A,2,True,True,0.833,0.1778,0.3307,True
m43,1994-07-05,Mexico,Bulgaria,1-1,D,0.4946,0.2993,0.2061,H,HEDGE,H,D,H,2,False,True,0.9419,0.2333,0.1953,True
m44,1994-07-09,Italy,Spain,2-1,H,0.3639,0.197,0.4391,A,EXCLUDE,,,,0,False,False,0.9551,0.1816,0.0752,True
m45,1994-07-09,Netherlands,Brazil,2-3,A,0.2756,0.255,0.4695,A,HEDGE,A,H,A,2,True,True,0.9636,0.0754,0.1939,True
m46,1994-07-10,Bulgaria,Germany,2-1,H,0.2728,0.1162,0.6109,A,HEDGE,A,H,A,2,False,True,0.8243,0.2335,0.3381,True
m47,1994-07-10,Romania,Sweden,2-2,D,0.1968,0.2748,0.5284,A,HEDGE,A,D,A,2,False,True,0.9211,0.1529,0.2536,True
m48,1994-07-13,Italy,Bulgaria,2-1,H,0.6885,0.1599,0.1516,H,HEDGE,H,D,H,2,True,True,0.7611,0.1503,0.5286,True
m49,1994-07-13,Brazil,Sweden,1-0,H,0.7202,0.1521,0.1277,H,HEDGE,H,D,H,2,True,True,0.7152,0.1215,0.5681,True
m50,1994-07-16,Sweden,Bulgaria,4-0,H,0.6353,0.1667,0.198,H,HEDGE,H,A,H,2,True,True,0.826,0.1699,0.4373,True
m51,1994-07-17,Brazil,Italy,0-0,D,0.4175,0.3658,0.2167,H,EXCLUDE,,,,0,False,False,0.9684,0.1603,0.0516,True
m52,1998-06-10,Brazil,Scotland,2-1,H,0.7371,0.1434,0.1195,H,HEDGE,H,D,H,2,True,True,0.6892,0.1536,0.5937,True
m53,1998-06-10,Morocco,Norway,2-2,D,0.3364,0.379,0.2847,D,EXCLUDE,,,,0,True,False,0.9939,0.2091,0.0426,True
m54,1998-06-11,Italy,Chile,2-2,D,0.6156,0.2717,0.1127,H,HEDGE,H,D,H,2,False,True,0.818,0.2116,0.3439,True
m55,1998-06-11,Cameroon,Austria,1-1,D,0.2035,0.3749,0.4216,A,EXCLUDE,,,,0,False,False,0.9612,0.1415,0.0466,True
m56,1998-06-12,France,South Africa,3-0,H,0.7101,0.1421,0.1478,H,HEDGE,H,A,H,2,True,True,0.7309,0.1546,0.5623,True
m57,1998-06-12,Saudi Arabia,Denmark,0-1,A,0.4913,0.184,0.3247,H,HEDGE,H,A,H,2,False,True,0.9338,0.1931,0.1666,True
m58,1998-06-13,Paraguay,Bulgaria,0-0,D,0.4321,0.3506,0.2174,H,ROTATE,H,D,H,2,False,True,0.9665,0.1459,0.0815,True
m59,1998-06-13,Spain,Nigeria,2-3,A,0.5666,0.1341,0.2992,H,HEDGE,H,A,H,2,False,True,0.8669,0.2154,0.2674,True
m60,1998-06-13,South Korea,Mexico,1-3,A,0.1329,0.1512,0.716,A,HEDGE,A,D,A,2,True,True,0.7218,0.1404,0.5648,True
m61,1998-06-14,Netherlands,Belgium,0-0,D,0.3759,0.3592,0.2649,H,EXCLUDE,,,,0,False,False,0.9899,0.1079,0.0167,True
m62,1998-06-14,Yugoslavia,Iran,1-0,H,0.2718,0.1806,0.5477,A,HEDGE,A,H,A,2,False,True,0.9037,0.1872,0.2759,True
m63,1998-06-14,Germany,USA,2-0,H,0.6929,0.1784,0.1287,H,HEDGE,H,D,H,2,True,True,0.7514,0.1418,0.5145,True
m64,1998-06-15,Romania,Colombia,1-0,H,0.3877,0.1532,0.4591,A,EXCLUDE,,,,0,False,False,0.9213,0.2152,0.0714,True
m65,1998-06-15,England,Tunisia,2-0,H,0.6958,0.1506,0.1536,H,HEDGE,H,A,H,2,True,True,0.7511,0.148,0.5422,True
m66,1998-06-15,Argentina,Japan,1-0,H,0.5864,0.2083,0.2054,H,HEDGE,H,D,H,2,True,True,0.8782,0.1345,0.3781,True
m67,1998-06-16,Jamaica,Croatia,1-3,A,0.1988,0.12,0.6813,A,HEDGE,A,H,A,2,True,True,0.7619,0.158,0.4825,True
m68,1998-06-16,Italy,Cameroon,3-0,H,0.7406,0.1873,0.072,H,HEDGE,H,D,H,2,True,True,0.6605,0.1272,0.5533,True
m69,1998-06-16,Austria,Chile,1-1,D,0.4945,0.3191,0.1864,H,HEDGE,H,D,H,2,False,True,0.9338,0.1959,0.1754,True
m70,1998-06-17,Scotland,Norway,1-1,D,0.2584,0.3701,0.3715,A,EXCLUDE,,,,0,False,False,0.988,0.1329,0.0014,True
m71,1998-06-17,Brazil,Morocco,3-0,H,0.7581,0.1656,0.0763,H,HEDGE,H,D,H,2,True,True,0.6408,0.1306,0.5926,True
m72,1998-06-18,France,Saudi Arabia,4-0,H,0.8012,0.1288,0.07,H,HEDGE,H,D,H,2,True,True,0.5713,0.1348,0.6724,True
m73,1998-06-18,Denmark,South Africa,1-1,D,0.3992,0.3728,0.228,H,EXCLUDE,,,,0,False,False,0.9753,0.1845,0.0264,True
m74,1998-06-18,Nigeria,Bulgaria,1-0,H,0.5114,0.2314,0.2571,H,HEDGE,H,A,H,2,True,True,0.9383,0.1433,0.2543,True
m75,1998-06-19,Spain,Paraguay,0-0,D,0.583,0.2875,0.1294,H,HEDGE,H,D,H,2,False,True,0.8534,0.2136,0.2955,True
m76,1998-06-19,Belgium,Mexico,2-2,D,0.4045,0.3639,0.2316,H,EXCLUDE,,,,0,False,False,0.9764,0.182,0.0407,True
m77,1998-06-20,Netherlands,South Korea,5-0,H,0.7586,0.1386,0.1028,H,HEDGE,H,D,H,2,True,True,0.653,0.1497,0.62,True
m78,1998-06-20,Yugoslavia,Germany,2-2,D,0.2281,0.2701,0.5017,A,HEDGE,A,D,A,2,False,True,0.9437,0.2361,0.2316,True
m79,1998-06-21,USA,Iran,1-2,A,0.4224,0.2528,0.3248,H,HEDGE,H,A,H,2,False,True,0.9802,0.1105,0.0976,True
m80,1998-06-21,Colombia,Tunisia,1-0,H,0.6554,0.1905,0.1541,H,HEDGE,H,D,H,2,True,True,0.8019,0.1198,0.4649,True
m81,1998-06-22,Romania,England,2-1,H,0.2387,0.1453,0.616,A,HEDGE,A,H,A,2,False,True,0.838,0.2137,0.3774,True
m82,1998-06-22,Argentina,Jamaica,5-0,H,0.8228,0.122,0.0552,H,HEDGE,H,D,H,2,True,True,0.5253,0.1349,0.7008,True
m83,1998-06-22,Japan,Croatia,0-1,A,0.1509,0.2041,0.645,A,HEDGE,A,D,A,2,True,True,0.8124,0.1041,0.4409,True
m84,1998-06-23,Chile,Cameroon,1-1,D,0.2433,0.3662,0.3905,A,EXCLUDE,,,,0,False,False,0.9821,0.1964,0.0242,True
m85,1998-06-23,Italy,Austria,2-1,H,0.7559,0.1459,0.0982,H,HEDGE,H,D,H,2,True,True,0.6556,0.1407,0.61,True
m86,1998-06-23,Norway,Brazil,2-1,H,0.2178,0.1263,0.6559,A,HEDGE,A,H,A,2,False,True,0.7918,0.1971,0.4381,True
m87,1998-06-23,Scotland,Morocco,0-3,A,0.2515,0.2174,0.5311,A,HEDGE,A,H,A,2,True,True,0.9239,0.1341,0.2795,True
m88,1998-06-24,South Africa,Saudi Arabia,2-2,D,0.1708,0.3706,0.4586,A,HEDGE,A,D,A,2,False,True,0.9351,0.1712,0.088,True
m89,1998-06-24,France,Denmark,2-1,H,0.7698,0.1308,0.0994,H,HEDGE,H,D,H,2,True,True,0.6343,0.1542,0.6391,True
m90,1998-06-24,Nigeria,Paraguay,1-3,A,0.2889,0.2122,0.4989,A,HEDGE,A,H,A,2,True,True,0.9417,0.161,0.21,True
m91,1998-06-24,Spain,Bulgaria,6-1,H,0.7602,0.13,0.1098,H,HEDGE,H,D,H,2,True,True,0.6519,0.1413,0.6302,True
m92,1998-06-25,Belgium,South Korea,1-1,D,0.6033,0.2599,0.1368,H,HEDGE,H,D,H,2,False,True,0.8439,0.2093,0.3434,True
m93,1998-06-25,Netherlands,Mexico,2-2,D,0.4293,0.3639,0.2068,H,EXCLUDE,,,,0,False,False,0.9619,0.1764,0.0653,True
m94,1998-06-25,USA,Yugoslavia,0-1,A,0.43,0.1555,0.4145,H,EXCLUDE,,,,0,False,False,0.926,0.2245,0.0155,True
m95,1998-06-25,Germany,Iran,2-0,H,0.6823,0.1632,0.1545,H,HEDGE,H,D,H,2,True,True,0.7693,0.1354,0.5191,True
m96,1998-06-26,Romania,Tunisia,1-1,D,0.4438,0.379,0.1772,H,EXCLUDE,,,,0,False,False,0.942,0.1531,0.0649,True
m97,1998-06-26,Colombia,England,0-2,A,0.1824,0.2189,0.5987,A,HEDGE,A,D,A,2,True,True,0.8648,0.1221,0.3797,True
m98,1998-06-26,Argentina,Croatia,1-0,H,0.4104,0.2355,0.354,H,EXCLUDE,,,,0,True,False,0.9773,0.1517,0.0564,True
m99,1998-06-26,Japan,Jamaica,1-2,A,0.5408,0.138,0.3212,H,HEDGE,H,A,H,2,False,True,0.8835,0.2261,0.2196,True
m100,1998-06-27,Italy,Norway,1-0,H,0.7197,0.1654,0.1149,H,HEDGE,H,D,H,2,True,True,0.7127,0.1347,0.5543,True
m101,1998-06-27,Brazil,Chile,4-1,H,0.8036,0.1154,0.081,H,HEDGE,H,D,H,2,True,True,0.5721,0.1563,0.6882,True
m102,1998-06-28,France,Paraguay,1-0,H,0.7996,0.1294,0.071,H,HEDGE,H,D,H,2,True,True,0.5745,0.139,0.6702,True
m103,1998-06-28,Nigeria,Denmark,1-4,A,0.3892,0.2142,0.3965,A,EXCLUDE,,,,0,True,False,0.9686,0.1583,0.0073,True
m104,1998-06-29,Germany,Mexico,2-1,H,0.6537,0.1836,0.1627,H,HEDGE,H,D,H,2,True,True,0.8052,0.1424,0.4701,True
m105,1998-06-29,Netherlands,Yugoslavia,2-1,H,0.6497,0.1456,0.2047,H,HEDGE,H,A,H,2,True,True,0.806,0.1674,0.445,True
m106,1998-06-30,Romania,Croatia,0-1,A,0.1785,0.1579,0.6636,A,HEDGE,A,H,A,2,True,True,0.793,0.1572,0.4851,True
m107,1998-06-30,Argentina,England,2-2,D,0.3221,0.3648,0.313,D,EXCLUDE,,,,0,True,False,0.9979,0.1255,0.0427,True
m108,1998-07-03,Italy,France,0-0,D,0.1762,0.3715,0.4523,A,HEDGE,A,D,A,2,False,True,0.9399,0.1481,0.0809,True
m109,1998-07-03,Brazil,Denmark,3-2,H,0.7269,0.1277,0.1454,H,HEDGE,H,A,H,2,True,True,0.7054,0.1678,0.5815,True
m110,1998-07-04,Netherlands,Argentina,2-1,H,0.4118,0.2422,0.346,H,EXCLUDE,,,,0,True,False,0.9794,0.1359,0.0657,True
m111,1998-07-04,Germany,Croatia,0-3,A,0.3457,0.2361,0.4182,A,EXCLUDE,,,,0,True,False,0.9763,0.142,0.0725,True
m112,1998-07-07,Brazil,Netherlands,1-1,D,0.3569,0.379,0.2641,D,EXCLUDE,,,,0,True,False,0.9895,0.1469,0.0221,True
m113,1998-07-08,France,Croatia,2-1,H,0.4915,0.2499,0.2586,H,HEDGE,H,A,H,2,True,True,0.9516,0.0809,0.2329,True
m114,1998-07-11,Netherlands,Croatia,1-2,A,0.3601,0.2192,0.4207,A,EXCLUDE,,,,0,True,False,0.9692,0.1619,0.0606,True
m115,1998-07-12,Brazil,France,0-3,A,0.2515,0.2569,0.4916,A,HEDGE,A,D,A,2,True,True,0.9515,0.1095,0.2347,True
m116,2002-05-31,France,Senegal,0-1,A,0.6038,0.1454,0.2508,H,HEDGE,H,A,H,2,False,True,0.8483,0.1982,0.3529,True
m117,2002-06-01,Ireland,Cameroon,1-1,D,0.2541,0.3722,0.3738,A,EXCLUDE,,,,0,False,False,0.9865,0.1907,0.0016,True
m118,2002-06-01,Uruguay,Denmark,1-2,A,0.5328,0.1381,0.3291,H,HEDGE,H,A,H,2,False,True,0.8872,0.2345,0.2036,True
m119,2002-06-01,Germany,Saudi Arabia,8-0,H,0.771,0.1339,0.0951,H,HEDGE,H,D,H,2,True,True,0.6313,0.1313,0.637,True
m120,2002-06-02,Argentina,Nigeria,1-0,H,0.7435,0.1307,0.1258,H,HEDGE,H,D,H,2,True,True,0.68,0.1288,0.6128,True
m121,2002-06-02,England,Sweden,1-1,D,0.4984,0.3329,0.1687,H,HEDGE,H,D,H,2,False,True,0.9225,0.1805,0.1655,True
m122,2002-06-02,Paraguay,South Africa,2-2,D,0.4941,0.3467,0.1592,H,HEDGE,H,D,H,2,False,True,0.9176,0.1583,0.1474,True
m123,2002-06-02,Spain,Slovenia,3-1,H,0.726,0.1141,0.1599,H,HEDGE,H,A,H,2,True,True,0.7038,0.1665,0.5661,True
m124,2002-06-03,Croatia,Mexico,0-1,A,0.5081,0.1915,0.3004,H,HEDGE,H,A,H,2,False,True,0.9301,0.1555,0.2078,True
m125,2002-06-03,Brazil,Turkey,2-1,H,0.7225,0.1206,0.1569,H,HEDGE,H,A,H,2,True,True,0.7104,0.1832,0.5656,True
m126,2002-06-03,Italy,Ecuador,2-0,H,0.7054,0.1632,0.1314,H,HEDGE,H,D,H,2,True,True,0.7361,0.1316,0.5421,True
m127,2002-06-04,China,Costa Rica,0-2,A,0.3272,0.2347,0.438,A,HEDGE,A,H,A,2,True,True,0.9715,0.1074,0.1108,True
m128,2002-06-04,Japan,Belgium,2-2,D,0.1484,0.3719,0.4797,A,HEDGE,A,D,A,2,False,True,0.9133,0.1987,0.1078,True
m129,2002-06-04,South Korea,Poland,2-0,H,0.3983,0.2442,0.3576,H,EXCLUDE,,,,0,True,False,0.9818,0.1404,0.0407,True
m130,2002-06-04,USA,Portugal,3-2,H,0.253,0.179,0.5679,A,HEDGE,A,H,A,2,False,True,0.8893,0.1949,0.3149,True
m131,2002-06-05,Russia,Tunisia,2-0,H,0.4058,0.2078,0.3864,H,EXCLUDE,,,,0,True,False,0.9648,0.175,0.0193,True
m132,2002-06-05,France,Uruguay,0-0,D,0.5627,0.3519,0.0854,H,HEDGE,H,D,H,2,False,True,0.8203,0.2021,0.2108,True
m133,2002-06-05,Denmark,Senegal,1-1,D,0.1326,0.2713,0.596,A,HEDGE,A,D,A,2,False,True,0.8468,0.1949,0.3247,True
m134,2002-06-05,Germany,Ireland,1-1,D,0.6427,0.2679,0.0894,H,HEDGE,H,D,H,2,False,True,0.7762,0.1921,0.3748,True
m135,2002-06-06,Cameroon,Saudi Arabia,1-0,H,0.4882,0.2278,0.2841,H,HEDGE,H,A,H,2,True,True,0.9508,0.1613,0.2041,True
m136,2002-06-06,Sweden,Nigeria,2-1,H,0.7179,0.1424,0.1396,H,HEDGE,H,D,H,2,True,True,0.7194,0.1214,0.5755,True
m137,2002-06-06,Spain,Paraguay,3-1,H,0.7091,0.1435,0.1474,H,HEDGE,H,A,H,2,True,True,0.7324,0.141,0.5617,True
m138,2002-06-07,Argentina,England,0-1,A,0.3161,0.2315,0.4523,A,HEDGE,A,H,A,2,True,True,0.9664,0.1569,0.1362,True
m139,2002-06-07,South Africa,Slovenia,1-0,H,0.6244,0.2071,0.1685,H,HEDGE,H,D,H,2,True,True,0.8376,0.1285,0.4173,True
m140,2002-06-07,Italy,Croatia,1-2,A,0.3905,0.2513,0.3582,H,EXCLUDE,,,,0,False,False,0.9849,0.1338,0.0324,True
m141,2002-06-08,Brazil,China,4-0,H,0.8353,0.1283,0.0363,H,HEDGE,H,D,H,2,True,True,0.4863,0.1482,0.707,True
m142,2002-06-08,Mexico,Ecuador,2-1,H,0.6451,0.2193,0.1356,H,HEDGE,H,D,H,2,True,True,0.8069,0.0928,0.4258,True
m143,2002-06-08,Costa Rica,Turkey,1-1,D,0.4852,0.3631,0.1517,H,HEDGE,H,D,H,2,False,True,0.9146,0.1471,0.1221,True
m144,2002-06-08,Japan,Russia,1-0,H,0.5969,0.155,0.2481,H,HEDGE,H,A,H,2,True,True,0.8582,0.1939,0.3488,True
m145,2002-06-09,South Korea,USA,1-1,D,0.1986,0.3125,0.4889,A,HEDGE,A,D,A,2,False,True,0.9415,0.2195,0.1764,True
m146,2002-06-09,Tunisia,Belgium,1-1,D,0.136,0.286,0.5781,A,HEDGE,A,D,A,2,False,True,0.8612,0.1953,0.2921,True
m147,2002-06-10,Portugal,Poland,4-0,H,0.6966,0.1275,0.176,H,HEDGE,H,A,H,2,True,True,0.7466,0.1574,0.5206,True
m148,2002-06-10,Denmark,France,2-0,H,0.3024,0.125,0.5725,A,HEDGE,A,H,A,2,False,True,0.8565,0.2362,0.2701,True
m149,2002-06-10,Senegal,Uruguay,3-3,D,0.3357,0.3431,0.3213,D,EXCLUDE,,,,0,True,False,0.9997,0.1362,0.0074,True
m150,2002-06-11,Cameroon,Germany,0-2,A,0.118,0.1377,0.7442,A,HEDGE,A,D,A,2,True,True,0.6782,0.1536,0.6065,True
m151,2002-06-11,Saudi Arabia,Ireland,0-3,A,0.3462,0.2746,0.3792,A,EXCLUDE,,,,0,True,False,0.992,0.1434,0.033,True
m152,2002-06-11,Sweden,Argentina,1-1,D,0.2376,0.3214,0.441,A,HEDGE,A,D,A,2,False,True,0.9715,0.1478,0.1195,True
m153,2002-06-11,Nigeria,England,0-0,D,0.1039,0.2474,0.6487,A,HEDGE,A,D,A,2,False,True,0.7843,0.1729,0.4012,True
m154,2002-06-12,South Africa,Spain,2-3,A,0.1169,0.1206,0.7624,A,HEDGE,A,D,A,2,True,True,0.6489,0.1297,0.6418,True
m155,2002-06-12,Slovenia,Paraguay,1-3,A,0.114,0.1596,0.7264,A,HEDGE,A,D,A,2,True,True,0.7033,0.1282,0.5667,True
m156,2002-06-12,Mexico,Italy,1-1,D,0.2108,0.3899,0.3994,A,EXCLUDE,,,,0,False,False,0.9667,0.1882,0.0095,True
m157,2002-06-12,Ecuador,Croatia,1-0,H,0.2232,0.1742,0.6026,A,HEDGE,A,H,A,2,False,True,0.8596,0.1973,0.3794,True
m158,2002-06-13,Costa Rica,Brazil,2-5,A,0.1644,0.123,0.7127,A,HEDGE,A,H,A,2,True,True,0.7245,0.1716,0.5483,True
m159,2002-06-13,Turkey,China,3-0,H,0.5288,0.2263,0.2449,H,HEDGE,H,A,H,2,True,True,0.9264,0.1279,0.2839,True
m160,2002-06-13,Belgium,Russia,3-2,H,0.691,0.1425,0.1665,H,HEDGE,H,A,H,2,True,True,0.7568,0.1629,0.5246,True
m161,2002-06-13,Tunisia,Japan,0-2,A,0.1707,0.2165,0.6128,A,HEDGE,A,D,A,2,True,True,0.8494,0.1053,0.3962,True
m162,2002-06-14,Portugal,South Korea,0-1,A,0.5841,0.1602,0.2557,H,HEDGE,H,A,H,2,False,True,0.8703,0.205,0.3284,True
m163,2002-06-14,Poland,USA,3-1,H,0.2618,0.1526,0.5856,A,HEDGE,A,H,A,2,False,True,0.8658,0.2121,0.3237,True
m164,2002-06-15,Germany,Paraguay,1-0,H,0.7436,0.1396,0.1168,H,HEDGE,H,D,H,2,True,True,0.6791,0.1318,0.6039,True
m165,2002-06-15,Denmark,England,0-3,A,0.1951,0.1295,0.6754,A,HEDGE,A,H,A,2,True,True,0.7724,0.1743,0.4803,True
m166,2002-06-16,Sweden,Senegal,1-2,A,0.2898,0.2307,0.4794,A,HEDGE,A,H,A,2,True,True,0.9555,0.1322,0.1896,True
m167,2002-06-16,Spain,Ireland,1-1,D,0.6726,0.2611,0.0663,H,HEDGE,H,D,H,2,False,True,0.7257,0.1806,0.4115,True
m168,2002-06-17,Mexico,USA,0-2,A,0.5702,0.1831,0.2467,H,HEDGE,H,A,H,2,False,True,0.8888,0.1242,0.3236,True
m169,2002-06-17,Brazil,Belgium,2-0,H,0.6102,0.2083,0.1815,H,HEDGE,H,D,H,2,True,True,0.8537,0.1345,0.4019,True
m170,2002-06-18,Japan,Turkey,0-1,A,0.5276,0.1341,0.3382,H,HEDGE,H,A,H,2,False,True,0.8861,0.2349,0.1894,True
m171,2002-06-18,South Korea,Italy,2-1,H,0.315,0.1242,0.5608,A,HEDGE,A,H,A,2,False,True,0.8623,0.2241,0.2458,True
m172,2002-06-21,England,Brazil,1-2,A,0.2404,0.2288,0.5308,A,HEDGE,A,H,A,2,True,True,0.9251,0.1175,0.2904,True
m173,2002-06-21,Germany,USA,1-0,H,0.7007,0.1569,0.1424,H,HEDGE,H,D,H,2,True,True,0.7441,0.1391,0.5437,True
m174,2002-06-22,Spain,South Korea,0-0,D,0.632,0.2208,0.1472,H,HEDGE,H,D,H,2,False,True,0.8242,0.1791,0.4112,True
m175,2002-06-22,Senegal,Turkey,0-1,A,0.5345,0.133,0.3326,H,HEDGE,H,A,H,2,False,True,0.8822,0.2474,0.2019,True
m176,2002-06-25,Germany,South Korea,1-0,H,0.7366,0.1273,0.1361,H,HEDGE,H,A,H,2,True,True,0.6909,0.1621,0.6005,True
m177,2002-06-26,Brazil,Turkey,1-0,H,0.7809,0.1375,0.0816,H,HEDGE,H,D,H,2,True,True,0.6102,0.117,0.6434,True
m178,2002-06-29,South Korea,Turkey,2-3,A,0.3118,0.2239,0.4643,A,HEDGE,A,H,A,2,True,True,0.96,0.1631,0.1525,True
m179,2002-06-30,Germany,Brazil,0-2,A,0.2209,0.256,0.5231,A,HEDGE,A,D,A,2,True,True,0.9297,0.1038,0.2671,True
m180,2006-06-09,Germany,Costa Rica,4-2,H,0.789,0.1185,0.0925,H,HEDGE,H,D,H,2,True,True,0.6007,0.1668,0.6704,True
m181,2006-06-09,Poland,Ecuador,0-2,A,0.1874,0.173,0.6396,A,HEDGE,A,H,A,2,True,True,0.8221,0.1482,0.4522,True
m182,2006-06-10,England,Paraguay,1-0,H,0.739,0.1537,0.1073,H,HEDGE,H,D,H,2,True,True,0.6834,0.1203,0.5853,True
m183,2006-06-10,Trinidad and Tobago,Sweden,0-0,D,0.1516,0.2494,0.599,A,HEDGE,A,D,A,2,False,True,0.855,0.1851,0.3496,True
m184,2006-06-10,Argentina,Côte d'Ivoire,2-1,H,0.5575,0.2152,0.2273,H,HEDGE,H,A,H,2,True,True,0.9039,0.1403,0.3302,True
m185,2006-06-11,Serbia and Montenegro,Netherlands,0-1,A,0.1588,0.1127,0.7284,A,HEDGE,A,H,A,2,True,True,0.7001,0.172,0.5696,True
m186,2006-06-11,Mexico,Iran,3-1,H,0.5736,0.2113,0.2151,H,HEDGE,H,A,H,2,True,True,0.8901,0.1307,0.3585,True
m187,2006-06-11,Angola,Portugal,0-1,A,0.1894,0.1172,0.6934,A,HEDGE,A,H,A,2,True,True,0.7466,0.1804,0.504,True
m188,2006-06-12,Australia,Japan,3-1,H,0.4729,0.2313,0.2958,H,HEDGE,H,A,H,2,True,True,0.9585,0.1535,0.1771,True
m189,2006-06-12,USA,Czech Republic,0-3,A,0.5204,0.1494,0.3302,H,HEDGE,H,A,H,2,False,True,0.901,0.2122,0.1903,True
m190,2006-06-12,Italy,Ghana,2-0,H,0.652,0.1493,0.1987,H,HEDGE,H,A,H,2,True,True,0.8045,0.1774,0.4534,True
m191,2006-06-13,South Korea,Togo,2-1,H,0.5645,0.2236,0.2119,H,HEDGE,H,D,H,2,True,True,0.898,0.115,0.3408,True
m192,2006-06-13,France,Switzerland,0-0,D,0.4478,0.3714,0.1808,H,EXCLUDE,,,,0,False,False,0.9438,0.2088,0.0765,True
m193,2006-06-13,Brazil,Croatia,1-0,H,0.6494,0.2145,0.1361,H,HEDGE,H,D,H,2,True,True,0.8029,0.0928,0.4349,True
m194,2006-06-14,Spain,Ukraine,4-0,H,0.771,0.1213,0.1077,H,HEDGE,H,D,H,2,True,True,0.634,0.156,0.6496,True
m195,2006-06-14,Tunisia,Saudi Arabia,2-2,D,0.3809,0.3666,0.2525,H,EXCLUDE,,,,0,False,False,0.9858,0.1369,0.0143,True
m196,2006-06-14,Germany,Poland,1-0,H,0.811,0.1218,0.0672,H,HEDGE,H,D,H,2,True,True,0.5532,0.1639,0.6892,True
m197,2006-06-15,Ecuador,Costa Rica,3-0,H,0.6566,0.1678,0.1756,H,HEDGE,H,A,H,2,True,True,0.8021,0.1359,0.4811,True
m198,2006-06-15,England,Trinidad and Tobago,2-0,H,0.7848,0.1313,0.0839,H,HEDGE,H,D,H,2,True,True,0.605,0.1323,0.6535,True
m199,2006-06-15,Sweden,Paraguay,1-0,H,0.5914,0.2124,0.1962,H,HEDGE,H,D,H,2,True,True,0.8732,0.1206,0.3789,True
m200,2006-06-16,Argentina,Serbia and Montenegro,6-0,H,0.8207,0.1202,0.0591,H,HEDGE,H,D,H,2,True,True,0.5315,0.1637,0.7005,True
m201,2006-06-16,Netherlands,Côte d'Ivoire,2-1,H,0.7482,0.1747,0.077,H,HEDGE,H,D,H,2,True,True,0.6547,0.1287,0.5735,True
m202,2006-06-16,Mexico,Angola,0-0,D,0.675,0.2806,0.0444,H,HEDGE,H,D,H,2,False,True,0.6919,0.205,0.3944,True
m203,2006-06-17,Portugal,Iran,2-0,H,0.6842,0.1792,0.1366,H,HEDGE,H,D,H,2,True,True,0.7643,0.1306,0.505,True
m204,2006-06-17,Czech Republic,Ghana,0-2,A,0.3514,0.2588,0.3898,A,EXCLUDE,,,,0,True,False,0.9872,0.1471,0.0385,True
m205,2006-06-17,Italy,USA,1-1,D,0.6195,0.2335,0.1469,H,HEDGE,H,D,H,2,False,True,0.8357,0.1328,0.386,True
m206,2006-06-18,Japan,Croatia,0-0,D,0.1989,0.334,0.4671,A,HEDGE,A,D,A,2,False,True,0.9494,0.2056,0.1332,True
m207,2006-06-18,Brazil,Australia,2-0,H,0.6761,0.1626,0.1613,H,HEDGE,H,D,H,2,True,True,0.7776,0.1314,0.5136,True
m208,2006-06-18,France,South Korea,1-1,D,0.4907,0.3212,0.1881,H,HEDGE,H,D,H,2,False,True,0.9361,0.2881,0.1695,True
m209,2006-06-19,Togo,Switzerland,0-2,A,0.085,0.1138,0.8012,A,HEDGE,A,D,A,2,True,True,0.5774,0.1512,0.6875,True
m210,2006-06-19,Saudi Arabia,Ukraine,0-4,A,0.4842,0.212,0.3038,H,HEDGE,H,A,H,2,False,True,0.9484,0.1441,0.1805,True
m211,2006-06-19,Spain,Tunisia,3-1,H,0.7832,0.1534,0.0635,H,HEDGE,H,D,H,2,True,True,0.5953,0.1246,0.6298,True
m212,2006-06-20,Ecuador,Germany,0-3,A,0.1504,0.2421,0.6076,A,HEDGE,A,D,A,2,True,True,0.8474,0.1123,0.3655,True
m213,2006-06-20,Costa Rica,Poland,1-2,A,0.3094,0.2275,0.4631,A,HEDGE,A,H,A,2,True,True,0.9615,0.1558,0.1537,True
m214,2006-06-20,Paraguay,Trinidad and Tobago,2-0,H,0.6344,0.1768,0.1888,H,HEDGE,H,A,H,2,True,True,0.8281,0.1473,0.4456,True
m215,2006-06-20,Sweden,England,2-2,D,0.1554,0.354,0.4906,A,HEDGE,A,D,A,2,False,True,0.916,0.1841,0.1366,True
m216,2006-06-21,Netherlands,Argentina,0-0,D,0.3128,0.4039,0.2832,D,EXCLUDE,,,,0,True,False,0.9894,0.1689,0.0911,True
m217,2006-06-21,Côte d'Ivoire,Serbia and Montenegro,3-2,H,0.6905,0.1333,0.1762,H,HEDGE,H,A,H,2,True,True,0.7557,0.152,0.5143,True
m218,2006-06-21,Portugal,Mexico,2-1,H,0.5331,0.2363,0.2306,H,HEDGE,H,D,H,2,True,True,0.9234,0.1069,0.2969,True
m219,2006-06-21,Iran,Angola,1-1,D,0.5167,0.3107,0.1726,H,HEDGE,H,D,H,2,False,True,0.9171,0.2072,0.206,True
m220,2006-06-22,Czech Republic,Italy,0-2,A,0.2039,0.1154,0.6807,A,HEDGE,A,H,A,2,True,True,0.7602,0.1756,0.4768,True
m221,2006-06-22,Ghana,USA,2-1,H,0.4545,0.2259,0.3197,H,HEDGE,H,A,H,2,True,True,0.964,0.1335,0.1348,True
m222,2006-06-22,Japan,Brazil,1-4,A,0.0924,0.1308,0.7768,A,HEDGE,A,D,A,2,True,True,0.621,0.1301,0.646,True
m223,2006-06-22,Croatia,Australia,2-2,D,0.3868,0.3736,0.2396,H,EXCLUDE,,,,0,False,False,0.9808,0.2086,0.0132,True
m224,2006-06-23,Togo,France,0-2,A,0.1234,0.1181,0.7586,A,HEDGE,A,H,A,2,True,True,0.6554,0.1771,0.6352,True
m225,2006-06-23,Switzerland,South Korea,2-0,H,0.6822,0.1681,0.1498,H,HEDGE,H,D,H,2,True,True,0.7692,0.1373,0.5141,True
m226,2006-06-23,Saudi Arabia,Spain,0-1,A,0.0875,0.1385,0.774,A,HEDGE,A,D,A,2,True,True,0.6237,0.1155,0.6355,True
m227,2006-06-23,Ukraine,Tunisia,1-0,H,0.4525,0.2276,0.3199,H,HEDGE,H,A,H,2,True,True,0.9652,0.1556,0.1326,True
m228,2006-06-24,Germany,Sweden,2-0,H,0.7309,0.1691,0.1,H,HEDGE,H,D,H,2,True,True,0.6917,0.1191,0.5618,True
m229,2006-06-24,Argentina,Mexico,2-1,H,0.642,0.1901,0.1679,H,HEDGE,H,D,H,2,True,True,0.8189,0.1282,0.4519,True
m230,2006-06-25,England,Ecuador,1-0,H,0.6712,0.1742,0.1547,H,HEDGE,H,D,H,2,True,True,0.7834,0.1374,0.497,True
m231,2006-06-25,Portugal,Netherlands,1-0,H,0.4747,0.2187,0.3066,H,ROTATE,H,A,H,2,True,True,0.9545,0.1484,0.1681,True
m232,2006-06-26,Italy,Australia,1-0,H,0.6172,0.1988,0.184,H,HEDGE,H,D,H,2,True,True,0.847,0.1298,0.4183,True
m233,2006-06-26,Switzerland,Ukraine,0-0,D,0.493,0.2868,0.2202,H,HEDGE,H,D,H,2,False,True,0.9467,0.234,0.2063,True
m234,2006-06-27,Brazil,Ghana,3-0,H,0.7866,0.121,0.0924,H,HEDGE,H,D,H,2,True,True,0.6048,0.1318,0.6656,True
m235,2006-06-27,Spain,France,1-3,A,0.4135,0.2366,0.3499,H,EXCLUDE,,,,0,False,False,0.9773,0.1206,0.0636,True
m236,2006-06-30,Germany,Argentina,1-1,D,0.355,0.3876,0.2575,D,EXCLUDE,,,,0,True,False,0.987,0.1554,0.0326,True
m237,2006-06-30,Italy,Ukraine,3-0,H,0.7262,0.1276,0.1463,H,HEDGE,H,A,H,2,True,True,0.7065,0.1518,0.5799,True
m238,2006-07-01,England,Portugal,0-0,D,0.3074,0.3727,0.3198,D,EXCLUDE,,,,0,True,False,0.9968,0.1287,0.0529,True
m239,2006-07-01,Brazil,France,0-1,A,0.5018,0.2011,0.297,H,HEDGE,H,A,H,2,False,True,0.9368,0.1692,0.2048,True
m240,2006-07-04,Germany,Italy,0-2,A,0.3819,0.233,0.3851,A,EXCLUDE,,,,0,True,False,0.9781,0.118,0.0031,True
m241,2006-07-05,Portugal,France,0-1,A,0.2703,0.2769,0.4529,A,HEDGE,A,D,A,2,True,True,0.9721,0.1039,0.176,True
m242,2006-07-08,Germany,Portugal,3-1,H,0.4931,0.2309,0.2759,H,HEDGE,H,A,H,2,True,True,0.9488,0.1499,0.2172,True
m243,2006-07-09,Italy,France,1-1,D,0.2455,0.3918,0.3627,D,EXCLUDE,,,,0,True,False,0.9828,0.1703,0.0291,True
m244,2022-11-20,Qatar,Ecuador,0-2,A,0.2416,0.2206,0.5378,A,HEDGE,A,H,A,2,True,True,0.9195,0.1017,0.2962,True
m245,2022-11-21,England,Iran,6-2,H,0.7581,0.1479,0.094,H,HEDGE,H,D,H,2,True,True,0.6508,0.1153,0.6101,True
m246,2022-11-21,Senegal,Netherlands,0-2,A,0.2417,0.2351,0.5231,A,HEDGE,A,H,A,2,True,True,0.9308,0.1016,0.2814,True
m247,2022-11-21,USA,Wales,1-1,D,0.4288,0.3217,0.2495,H,ROTATE,H,D,A,3,False,True,0.9779,0.2174,0.1071,True
m248,2022-11-22,Argentina,Saudi Arabia,1-2,A,0.6742,0.1681,0.1577,H,HEDGE,H,D,H,2,False,False,0.7799,0.1802,0.5061,True
m249,2022-11-22,Denmark,Tunisia,0-0,D,0.4764,0.3424,0.1812,H,HEDGE,H,D,H,2,False,True,0.9373,0.1202,0.134,True
m250,2022-11-22,Mexico,Poland,0-0,D,0.5093,0.2735,0.2172,H,HEDGE,H,D,H,2,False,True,0.9374,0.2219,0.2359,True
m251,2022-11-22,France,Australia,4-1,H,0.7559,0.1532,0.0909,H,HEDGE,H,D,H,2,True,True,0.6525,0.1055,0.6028,True
m252,2022-11-23,Morocco,Croatia,0-0,D,0.2363,0.3935,0.3702,D,EXCLUDE,,,,0,True,False,0.9792,0.1727,0.0233,True
m253,2022-11-23,Germany,Japan,1-2,A,0.6331,0.1519,0.2151,H,HEDGE,H,A,H,2,False,True,0.8248,0.1576,0.418,True
m254,2022-11-23,Spain,Costa Rica,7-0,H,0.7926,0.1401,0.0673,H,HEDGE,H,D,H,2,True,True,0.5836,0.1275,0.6526,True
m255,2022-11-23,Belgium,Canada,1-0,H,0.6417,0.1629,0.1954,H,HEDGE,H,A,H,2,True,True,0.8186,0.1591,0.4463,True
m256,2022-11-24,Switzerland,Cameroon,1-0,H,0.7182,0.157,0.1247,H,HEDGE,H,D,H,2,True,True,0.7173,0.1559,0.5612,True
m257,2022-11-24,Uruguay,South Korea,0-0,D,0.5394,0.283,0.1776,H,HEDGE,H,D,H,2,False,True,0.9076,0.2015,0.2564,True
m258,2022-11-24,Portugal,Ghana,3-2,H,0.6668,0.1654,0.1678,H,HEDGE,H,A,H,2,True,True,0.7895,0.1559,0.499,True
m259,2022-11-24,Brazil,Serbia,2-0,H,0.7732,0.1405,0.0864,H,HEDGE,H,D,H,2,True,True,0.6245,0.1231,0.6327,True
m260,2022-11-25,Wales,Iran,0-2,A,0.235,0.1719,0.5931,A,HEDGE,A,H,A,2,True,True,0.8673,0.1787,0.3581,True
m261,2022-11-25,Qatar,Senegal,1-3,A,0.1315,0.1815,0.687,A,HEDGE,A,D,A,2,True,True,0.7595,0.1426,0.5055,True
m262,2022-11-25,Netherlands,Ecuador,1-1,D,0.5281,0.3126,0.1593,H,HEDGE,H,D,H,2,False,True,0.9041,0.1735,0.2155,True
m263,2022-11-25,England,USA,0-0,D,0.6785,0.2513,0.0701,H,HEDGE,H,D,H,2,False,True,0.7251,0.1492,0.4272,True
m264,2022-11-26,Tunisia,Australia,0-1,A,0.1569,0.2,0.6431,A,HEDGE,A,D,A,2,True,True,0.8159,0.136,0.4432,True
m265,2022-11-26,Poland,Saudi Arabia,2-0,H,0.4703,0.2279,0.3018,H,HEDGE,H,A,H,2,True,True,0.9588,0.1704,0.1685,True
m266,2022-11-26,France,Denmark,2-1,H,0.7649,0.1386,0.0965,H,HEDGE,H,D,H,2,True,True,0.6413,0.1338,0.6264,True
m267,2022-11-26,Argentina,Mexico,2-0,H,0.6506,0.1915,0.1579,H,HEDGE,H,D,H,2,True,True,0.808,0.1493,0.4591,True
m268,2022-11-27,Japan,Costa Rica,0-1,A,0.5888,0.162,0.2491,H,HEDGE,H,A,H,2,False,True,0.8674,0.1964,0.3397,True
m269,2022-11-27,Belgium,Morocco,0-2,A,0.4164,0.228,0.3556,H,EXCLUDE,,,,0,False,False,0.9735,0.1254,0.0608,True
m270,2022-11-27,Croatia,Canada,4-1,H,0.7219,0.1528,0.1253,H,HEDGE,H,D,H,2,True,True,0.7123,0.1592,0.5691,True
m271,2022-11-27,Spain,Germany,1-1,D,0.3697,0.3799,0.2505,D,EXCLUDE,,,,0,True,False,0.9852,0.1659,0.0102,True
m272,2022-11-28,Cameroon,Serbia,3-3,D,0.5349,0.3445,0.1206,H,HEDGE,H,D,H,2,False,True,0.871,0.1821,0.1904,True
m273,2022-11-28,South Korea,Ghana,2-3,A,0.2752,0.26,0.4647,A,HEDGE,A,H,A,2,True,True,0.9662,0.0971,0.1895,True
m274,2022-11-28,Brazil,Switzerland,1-0,H,0.6369,0.1973,0.1658,H,HEDGE,H,D,H,2,True,True,0.8242,0.1354,0.4396,True
m275,2022-11-28,Portugal,Uruguay,2-0,H,0.5373,0.2357,0.227,H,HEDGE,H,D,H,2,True,True,0.9202,0.1285,0.3016,True
m276,2022-11-29,Ecuador,Senegal,1-2,A,0.2651,0.2482,0.4867,A,HEDGE,A,H,A,2,True,True,0.9542,0.1311,0.2216,True
m277,2022-11-29,Netherlands,Qatar,2-0,H,0.7867,0.1426,0.0707,H,HEDGE,H,D,H,2,True,True,0.595,0.1384,0.6442,True
m278,2022-11-29,Iran,USA,0-1,A,0.3335,0.2671,0.3994,A,EXCLUDE,,,,0,True,False,0.988,0.1122,0.066,True
m279,2022-11-29,Wales,England,0-3,A,0.0868,0.1182,0.7951,A,HEDGE,A,D,A,2,True,True,0.5888,0.1343,0.6769,True
m280,2022-11-30,Tunisia,France,1-0,H,0.1855,0.1243,0.6902,A,HEDGE,A,H,A,2,False,True,0.7533,0.2055,0.5048,True
m281,2022-11-30,Australia,Denmark,1-0,H,0.5916,0.1871,0.2213,H,HEDGE,H,A,H,2,True,True,0.8719,0.1589,0.3703,True
m282,2022-11-30,Poland,Argentina,0-2,A,0.1607,0.1385,0.7008,A,HEDGE,A,H,A,2,True,True,0.7434,0.1772,0.5401,True
m283,2022-11-30,Saudi Arabia,Mexico,1-2,A,0.197,0.177,0.626,A,HEDGE,A,H,A,2,True,True,0.8372,0.1708,0.4289,True
m284,2022-12-01,Croatia,Belgium,0-0,D,0.3451,0.3812,0.2737,D,EXCLUDE,,,,0,True,False,0.9916,0.1475,0.0362,True
m285,2022-12-01,Canada,Morocco,1-2,A,0.0849,0.1676,0.7475,A,HEDGE,A,D,A,2,True,True,0.6611,0.1165,0.5799,True
m286,2022-12-01,Japan,Spain,2-1,H,0.261,0.1805,0.5585,A,HEDGE,A,H,A,2,False,True,0.8965,0.187,0.2976,True
m287,2022-12-01,Costa Rica,Germany,2-4,A,0.149,0.1219,0.7291,A,HEDGE,A,H,A,2,True,True,0.7013,0.1794,0.5802,True
m288,2022-12-02,South Korea,Portugal,2-1,H,0.2827,0.1399,0.5774,A,HEDGE,A,H,A,2,False,True,0.8643,0.2151,0.2947,True
m289,2022-12-02,Ghana,Uruguay,0-2,A,0.2686,0.1807,0.5507,A,HEDGE,A,H,A,2,True,True,0.9019,0.1691,0.2821,True
m290,2022-12-02,Serbia,Switzerland,2-3,A,0.0691,0.1218,0.8091,A,HEDGE,A,D,A,2,True,True,0.5576,0.1261,0.6873,True
m291,2022-12-02,Cameroon,Brazil,1-0,H,0.229,0.1299,0.6411,A,HEDGE,A,H,A,2,False,True,0.808,0.2241,0.4121,True
m292,2022-12-03,Netherlands,USA,3-1,H,0.716,0.1459,0.1381,H,HEDGE,H,D,H,2,True,True,0.7223,0.158,0.5701,True
m293,2022-12-03,Argentina,Australia,2-1,H,0.672,0.1847,0.1433,H,HEDGE,H,D,H,2,True,True,0.7805,0.1287,0.4874,True
m294,2022-12-04,France,Poland,3-1,H,0.7537,0.128,0.1183,H,HEDGE,H,D,H,2,True,True,0.6634,0.1732,0.6257,True
m295,2022-12-04,England,Senegal,3-0,H,0.6413,0.1879,0.1709,H,HEDGE,H,D,H,2,True,True,0.8201,0.1251,0.4534,True
m296,2022-12-05,Japan,Croatia,1-1,D,0.1914,0.3687,0.4399,A,EXCLUDE,,,,0,False,False,0.9517,0.1895,0.0712,True
m297,2022-12-05,Brazil,South Korea,4-1,H,0.7697,0.1208,0.1095,H,HEDGE,H,D,H,2,True,True,0.6363,0.1651,0.6489,True
m298,2022-12-06,Morocco,Spain,0-0,D,0.3243,0.3782,0.2975,D,EXCLUDE,,,,0,True,False,0.9954,0.1508,0.0539,True
m299,2022-12-06,Portugal,Switzerland,6-1,H,0.4334,0.244,0.3226,H,HEDGE,H,A,H,2,True,True,0.9753,0.1302,0.1108,True
m300,2022-12-09,Croatia,Brazil,1-1,D,0.1751,0.3672,0.4577,A,HEDGE,A,D,A,2,False,True,0.9382,0.1981,0.0904,True
m301,2022-12-09,Netherlands,Argentina,2-2,D,0.3391,0.3495,0.3115,D,EXCLUDE,,,,0,True,False,0.9989,0.1099,0.0104,True
m302,2022-12-10,Morocco,Portugal,1-0,H,0.4452,0.2256,0.3292,H,HEDGE,H,A,H,2,True,True,0.9666,0.1571,0.116,True
m303,2022-12-10,England,France,1-2,A,0.3107,0.2431,0.4461,A,HEDGE,A,H,A,2,True,True,0.9713,0.1343,0.1354,True
m304,2022-12-13,Argentina,Croatia,3-0,H,0.5538,0.2179,0.2282,H,HEDGE,H,A,H,2,True,True,0.907,0.1287,0.3256,True
m305,2022-12-14,France,Morocco,2-0,H,0.5998,0.2083,0.1919,H,HEDGE,H,D,H,2,True,True,0.8649,0.1408,0.3915,True
m306,2022-12-17,Croatia,Morocco,2-1,H,0.3993,0.2487,0.352,H,EXCLUDE,,,,0,True,False,0.9832,0.1447,0.0472,True
m307,2022-12-18,Argentina,France,3-3,D,0.279,0.351,0.37,A,EXCLUDE,,,,0,False,False,0.9935,0.1274,0.0191,True
m308,2024-06-14,Germany,Scotland,5-1,H,0.7532,0.1443,0.1025,H,HEDGE,H,D,H,2,True,True,0.6612,0.1591,0.6089,True
m309,2024-06-15,Hungary,Switzerland,1-3,A,0.1625,0.1217,0.7158,A,HEDGE,A,H,A,2,True,True,0.72,0.1816,0.5533,True
m310,2024-06-15,Spain,Croatia,3-0,H,0.4675,0.2242,0.3083,H,HEDGE,H,A,H,2,True,True,0.9589,0.156,0.1592,True
m311,2024-06-15,Italy,Albania,2-1,H,0.7972,0.1264,0.0764,H,HEDGE,H,D,H,2,True,True,0.5813,0.1203,0.6709,True
m312,2024-06-16,Poland,Netherlands,1-2,A,0.1174,0.1218,0.7608,A,HEDGE,A,D,A,2,True,True,0.6517,0.1483,0.6389,True
m313,2024-06-16,Slovenia,Denmark,1-1,D,0.1286,0.3667,0.5047,A,HEDGE,A,D,A,2,False,True,0.889,0.2288,0.1381,True
m314,2024-06-16,Serbia,England,0-1,A,0.0518,0.1317,0.8165,A,HEDGE,A,D,A,2,True,True,0.5333,0.1101,0.6848,True
m315,2024-06-17,Romania,Ukraine,3-0,H,0.5579,0.2451,0.197,H,HEDGE,H,D,H,2,True,True,0.9014,0.096,0.3128,True
m316,2024-06-17,Belgium,Slovakia,0-1,A,0.5357,0.1358,0.3285,H,HEDGE,H,A,H,2,False,True,0.884,0.2328,0.2072,True
m317,2024-06-17,Austria,France,0-1,A,0.1002,0.1315,0.7683,A,HEDGE,A,D,A,2,True,True,0.6371,0.1342,0.6367,True
m318,2024-06-18,Türkiye,Georgia,3-1,H,0.6209,0.1584,0.2207,H,HEDGE,H,A,H,2,True,True,0.8385,0.1545,0.4002,True
m319,2024-06-18,Portugal,Czechia,2-1,H,0.7025,0.1573,0.1401,H,HEDGE,H,D,H,2,True,True,0.7413,0.1347,0.5452,True
m320,2024-06-19,Croatia,Albania,2-2,D,0.6203,0.2874,0.0923,H,HEDGE,H,D,H,2,False,True,0.796,0.2506,0.3329,True
m321,2024-06-19,Germany,Hungary,2-0,H,0.8063,0.1503,0.0434,H,HEDGE,H,D,H,2,True,True,0.5413,0.1073,0.656,True
m322,2024-06-19,Scotland,Switzerland,1-1,D,0.116,0.3395,0.5445,A,HEDGE,A,D,A,2,False,True,0.8626,0.1622,0.205,True
m323,2024-06-20,Slovenia,Serbia,1-1,D,0.2989,0.342,0.3591,A,EXCLUDE,,,,0,False,False,0.9973,0.1066,0.0171,True
m324,2024-06-20,Denmark,England,1-1,D,0.1014,0.2088,0.6898,A,HEDGE,A,D,A,2,False,True,0.742,0.1398,0.4811,True
m325,2024-06-20,Spain,Italy,1-0,H,0.3596,0.2315,0.4088,A,EXCLUDE,,,,0,False,False,0.976,0.1312,0.0492,True
m326,2024-06-21,Slovakia,Ukraine,1-2,A,0.3759,0.2502,0.3739,H,EXCLUDE,,,,0,False,False,0.9851,0.1531,0.002,True
m327,2024-06-21,Poland,Austria,1-3,A,0.2206,0.1948,0.5846,A,HEDGE,A,H,A,2,True,True,0.8792,0.1535,0.364,True
m328,2024-06-21,Netherlands,France,0-0,D,0.2118,0.3773,0.4109,A,EXCLUDE,,,,0,False,False,0.9666,0.1495,0.0337,True
m329,2024-06-22,Georgia,Czechia,1-1,D,0.1903,0.3019,0.5078,A,HEDGE,A,D,A,2,False,True,0.9297,0.1918,0.206,True
m330,2024-06-22,Türkiye,Portugal,0-3,A,0.2976,0.2199,0.4826,A,ROTATE,A,H,A,2,True,True,0.9515,0.1218,0.185,True
m331,2024-06-22,Belgium,Romania,2-0,H,0.5413,0.1865,0.2722,H,HEDGE,H,A,H,2,True,True,0.9099,0.1994,0.2691,True
m332,2024-06-23,Switzerland,Germany,1-1,D,0.1687,0.3668,0.4645,A,HEDGE,A,D,A,2,False,True,0.9323,0.1973,0.0977,True
m333,2024-06-23,Scotland,Hungary,0-1,A,0.537,0.1517,0.3113,H,HEDGE,H,A,H,2,False,True,0.895,0.215,0.2257,True
m334,2024-06-24,Albania,Spain,0-1,A,0.0826,0.1125,0.8049,A,HEDGE,A,D,A,2,True,True,0.5702,0.1612,0.6924,True
m335,2024-06-24,Croatia,Italy,1-1,D,0.1596,0.3933,0.447,A,EXCLUDE,,,,0,False,False,0.9283,0.193,0.0537,True
m336,2024-06-25,Netherlands,Austria,2-3,A,0.6277,0.1518,0.2205,H,HEDGE,H,A,H,2,False,True,0.83,0.1756,0.4072,True
m337,2024-06-25,France,Poland,1-1,D,0.693,0.2337,0.0733,H,HEDGE,H,D,H,2,False,True,0.7149,0.1718,0.4593,True
m338,2024-06-25,England,Slovenia,0-0,D,0.6734,0.2706,0.056,H,HEDGE,H,D,H,2,False,True,0.7112,0.1969,0.4028,True
m339,2024-06-25,Denmark,Serbia,0-0,D,0.4571,0.3712,0.1717,H,DRAW_HEDGE,H,D,A,3,False,True,0.9359,0.2115,0.0859,True
m340,2024-06-26,Slovakia,Romania,1-1,D,0.1855,0.3365,0.478,A,HEDGE,A,D,A,2,False,True,0.9392,0.1901,0.1415,True
m341,2024-06-26,Ukraine,Belgium,0-0,D,0.1849,0.2919,0.5232,A,HEDGE,A,D,A,2,False,True,0.9198,0.2143,0.2312,True
m342,2024-06-26,Czechia,Türkiye,1-2,A,0.1405,0.2182,0.6413,A,HEDGE,A,D,A,2,True,True,0.8126,0.1108,0.4232,True
m343,2024-06-26,Georgia,Portugal,2-0,H,0.171,0.1214,0.7076,A,HEDGE,A,H,A,2,False,True,0.7307,0.1615,0.5366,True
m344,2024-06-29,Switzerland,Italy,2-0,H,0.3301,0.2426,0.4273,A,HEDGE,A,H,A,2,False,True,0.9765,0.1176,0.0973,True
m345,2024-06-29,Germany,Denmark,2-0,H,0.7837,0.1399,0.0764,H,HEDGE,H,D,H,2,True,True,0.6032,0.1369,0.6438,True
m346,2024-06-30,England,Slovakia,2-1,H,0.7441,0.1245,0.1314,H,HEDGE,H,A,H,2,True,True,0.679,0.1619,0.6127,True
m347,2024-06-30,Spain,Georgia,4-1,H,0.7773,0.117,0.1058,H,HEDGE,H,D,H,2,True,True,0.623,0.1564,0.6603,True
m348,2024-07-01,France,Belgium,1-0,H,0.706,0.1705,0.1235,H,HEDGE,H,D,H,2,True,True,0.7334,0.1397,0.5355,True
m349,2024-07-01,Portugal,Slovenia,0-0,D,0.6437,0.2833,0.073,H,HEDGE,H,D,H,2,False,True,0.7573,0.2084,0.3605,True
m350,2024-07-02,Romania,Netherlands,0-3,A,0.1129,0.1487,0.7384,A,HEDGE,A,D,A,2,True,True,0.6859,0.1411,0.5897,True
m351,2024-07-02,Austria,Türkiye,1-2,A,0.2067,0.2266,0.5667,A,HEDGE,A,D,A,2,True,True,0.8958,0.1204,0.3402,True
m352,2024-07-05,Spain,Germany,2-1,H,0.4497,0.2513,0.299,H,HEDGE,H,A,H,2,True,True,0.9716,0.1311,0.1507,True
m353,2024-07-05,Portugal,France,0-0,D,0.1806,0.343,0.4763,A,HEDGE,A,D,A,2,False,True,0.937,0.1794,0.1333,True
m354,2024-07-06,England,Switzerland,1-1,D,0.3724,0.3921,0.2355,D,EXCLUDE,,,,0,True,False,0.9789,0.1708,0.0198,True
m355,2024-07-06,Netherlands,Türkiye,2-1,H,0.5638,0.2005,0.2356,H,HEDGE,H,A,H,2,True,True,0.8974,0.1463,0.3282,True
m356,2024-07-09,Spain,France,2-1,H,0.4581,0.2628,0.279,H,HEDGE,H,A,H,2,True,True,0.9694,0.1138,0.1791,True
m357,2024-07-10,Netherlands,England,1-2,A,0.3629,0.2346,0.4025,A,EXCLUDE,,,,0,True,False,0.9779,0.1211,0.0396,True
m358,2024-07-14,Spain,England,2-1,H,0.5553,0.2265,0.2181,H,HEDGE,H,D,H,2,True,True,0.9058,0.1101,0.3288,True
m371,2026-06-11,Mexico,South Africa,2-0,H,0.624,0.184,0.192,H,HEDGE,H,A,H,2,True,True,0.8398,0.1617,0.432,True
m372,2026-06-11,South Korea,Czechia,2-1,H,0.4619,0.2327,0.3054,H,HEDGE,H,A,H,2,True,True,0.9633,0.1296,0.1565,True
m375,2026-06-12,Canada,Bosnia and Herzegovina,1-1,D,0.2109,0.4178,0.3713,D,EXCLUDE,,,,0,True,False,0.9655,0.183,0.0465,True
m383,2026-06-12,USA,Paraguay,4-1,H,0.4233,0.2462,0.3305,H,HEDGE,H,A,H,2,True,True,0.9784,0.0974,0.0928,True
m376,2026-06-13,Qatar,Switzerland,1-1,D,0.0826,0.3023,0.6151,A,HEDGE,A,D,A,2,False,True,0.7888,0.1877,0.3129,True
m379,2026-06-13,Brazil,Morocco,1-1,D,0.5146,0.3358,0.1496,H,HEDGE,H,D,H,2,False,True,0.9035,0.1724,0.1788,True
m380,2026-06-13,Haiti,Scotland,0-1,A,0.2633,0.186,0.5508,A,HEDGE,A,H,A,2,True,True,0.9036,0.1675,0.2875,True
m384,2026-06-13,Australia,Türkiye,2-0,H,0.3845,0.2393,0.3762,H,EXCLUDE,,,,0,True,False,0.9808,0.1391,0.0084,True
m387,2026-06-14,Germany,Curaçao,7-1,H,0.7635,0.1226,0.1138,H,HEDGE,H,D,H,2,True,True,0.647,0.1375,0.6409,True
m388,2026-06-14,Côte d'Ivoire,Ecuador,1-0,H,0.4823,0.2275,0.2902,H,HEDGE,H,A,H,2,True,True,0.9535,0.1372,0.1921,True
m391,2026-06-14,Netherlands,Japan,2-2,D,0.5141,0.3067,0.1792,H,HEDGE,H,D,H,2,False,True,0.9217,0.1521,0.2074,True
m392,2026-06-14,Sweden,Tunisia,5-1,H,0.6648,0.1754,0.1598,H,HEDGE,H,D,H,2,True,True,0.7917,0.1663,0.4894,True
m395,2026-06-15,Belgium,Egypt,1-1,D,0.3274,0.3913,0.2813,D,EXCLUDE,,,,0,True,False,0.9917,0.1685,0.0639,True
m396,2026-06-15,Iran,New Zealand,2-2,D,0.3897,0.353,0.2572,H,EXCLUDE,,,,0,False,False,0.9868,0.1845,0.0367,True
m399,2026-06-15,Spain,Cabo Verde,0-0,D,0.6654,0.2744,0.0602,H,HEDGE,H,D,H,2,False,True,0.7237,0.1963,0.3909,True
m400,2026-06-15,Saudi Arabia,Uruguay,1-1,D,0.1303,0.2735,0.5962,A,HEDGE,A,D,A,2,False,True,0.8451,0.1978,0.3227,True
m403,2026-06-16,France,Senegal,3-1,H,0.5947,0.2275,0.1778,H,HEDGE,H,D,H,2,True,True,0.8675,0.1231,0.3672,True
m404,2026-06-16,Iraq,Norway,1-4,A,0.2266,0.1984,0.5749,A,HEDGE,A,H,A,2,True,True,0.888,0.1517,0.3483,True
m405,2026-06-16,Argentina,Algeria,3-0,H,0.7343,0.1476,0.1181,H,HEDGE,H,D,H,2,True,True,0.6931,0.1252,0.5867,True
m406,2026-06-16,Austria,Jordan,3-1,H,0.5657,0.2122,0.2221,H,HEDGE,H,A,H,2,True,True,0.8969,0.1221,0.3437,True
m407,2026-06-17,Portugal,DR Congo,1-1,D,0.5483,0.301,0.1506,H,HEDGE,H,D,H,2,False,True,0.8884,0.214,0.2473,True
m408,2026-06-17,Uzbekistan,Colombia,1-3,A,0.1973,0.1524,0.6504,A,HEDGE,A,H,A,2,True,True,0.8071,0.1523,0.4531,True
m409,2026-06-17,England,Croatia,4-2,H,0.6027,0.2123,0.185,H,HEDGE,H,D,H,2,True,True,0.8614,0.1253,0.3904,True
m410,2026-06-17,Ghana,Panama,1-0,H,0.5179,0.2354,0.2467,H,HEDGE,H,A,H,2,True,True,0.9344,0.1352,0.2712,True
m373,2026-06-18,Czechia,South Africa,1-1,D,0.3492,0.3661,0.2847,D,EXCLUDE,,,,0,True,False,0.9948,0.1509,0.0169,True
m374,2026-06-18,Mexico,South Korea,1-0,H,0.5523,0.2429,0.2049,H,HEDGE,H,D,H,2,True,True,0.907,0.102,0.3094,True
m377,2026-06-18,Switzerland,Bosnia and Herzegovina,4-1,H,0.7202,0.1486,0.1312,H,HEDGE,H,D,H,2,True,True,0.7156,0.1448,0.5716,True
m378,2026-06-18,Canada,Qatar,6-0,H,0.4533,0.257,0.2897,H,HEDGE,H,A,H,2,True,True,0.971,0.114,0.1637,True
m359,2026-06-19,Mexico,Canada,2-0,H,0.6605,0.2021,0.1374,H,HEDGE,H,D,H,2,True,True,0.7917,0.1056,0.4584,True
m360,2026-06-19,USA,Honduras,2-1,H,0.6764,0.1627,0.1609,H,HEDGE,H,D,H,2,True,True,0.7772,0.1243,0.5137,True
m361,2026-06-19,Argentina,Uruguay,1-1,D,0.5177,0.3492,0.1331,H,HEDGE,H,D,H,2,False,True,0.889,0.1695,0.1685,True
m362,2026-06-19,France,Belgium,4-1,H,0.6982,0.1666,0.1352,H,HEDGE,H,D,H,2,True,True,0.7463,0.1487,0.5316,True
m363,2026-06-19,England,Wales,1-0,H,0.8106,0.1313,0.0582,H,HEDGE,H,D,H,2,True,True,0.5482,0.1403,0.6793,True
m364,2026-06-19,Portugal,Spain,2-0,H,0.3044,0.1914,0.5043,A,HEDGE,A,H,A,2,False,True,0.9318,0.1937,0.1999,True
m365,2026-06-19,Brazil,Colombia,1-1,D,0.4894,0.3219,0.1887,H,HEDGE,H,D,H,2,False,True,0.9369,0.2193,0.1674,True
m366,2026-06-19,Germany,Italy,1-1,D,0.4213,0.3811,0.1976,H,EXCLUDE,,,,0,False,False,0.9578,0.1569,0.0402,True
m367,2026-06-19,Netherlands,Croatia,1-0,H,0.6033,0.2015,0.1952,H,HEDGE,H,D,H,2,True,True,0.8616,0.1327,0.4018,True
m368,2026-06-19,Japan,South Korea,7-1,H,0.6331,0.1904,0.1765,H,HEDGE,H,D,H,2,True,True,0.8296,0.1525,0.4427,True
m369,2026-06-19,Morocco,Senegal,2-2,D,0.3716,0.368,0.2604,H,EXCLUDE,,,,0,False,False,0.9886,0.146,0.0036,True
m370,2026-06-19,Ecuador,Peru,5-1,H,0.6211,0.16,0.2189,H,HEDGE,H,A,H,2,True,True,0.8389,0.1717,0.4022,True
m381,2026-06-19,Scotland,Morocco,0-1,A,0.1663,0.1855,0.6482,A,HEDGE,A,D,A,2,True,True,0.8118,0.1506,0.4627,True
m382,2026-06-19,Brazil,Haiti,3-0,H,0.8021,0.1257,0.0722,H,HEDGE,H,D,H,2,True,True,0.5711,0.1607,0.6764,True
m385,2026-06-19,USA,Australia,2-0,H,0.3876,0.2641,0.3483,H,EXCLUDE,,,,0,True,False,0.9888,0.1294,0.0393,True
m386,2026-06-19,Türkiye,Paraguay,0-1,A,0.4638,0.2035,0.3327,H,ROTATE,H,A,H,2,False,True,0.9526,0.1755,0.1311,True
m389,2026-06-20,Germany,Côte d'Ivoire,2-1,H,0.612,0.2097,0.1783,H,HEDGE,H,D,H,2,True,True,0.8516,0.124,0.4023,True
m390,2026-06-20,Ecuador,Curaçao,0-0,D,0.6382,0.2552,0.1066,H,HEDGE,H,D,H,2,False,True,0.7954,0.1694,0.383,True
m393,2026-06-20,Netherlands,Sweden,5-1,H,0.6361,0.2042,0.1597,H,HEDGE,H,D,H,2,True,True,0.8239,0.1343,0.4319,True
m394,2026-06-20,Tunisia,Japan,0-4,A,0.1353,0.1689,0.6959,A,HEDGE,A,D,A,2,True,True,0.7494,0.1087,0.527,True
m397,2026-06-21,Belgium,Iran,0-0,D,0.4206,0.3722,0.2072,H,EXCLUDE,,,,0,False,False,0.9633,0.1898,0.0484,True
m398,2026-06-21,New Zealand,Egypt,1-3,A,0.1894,0.2139,0.5967,A,HEDGE,A,D,A,2,True,True,0.8676,0.1153,0.3828,True
m401,2026-06-21,Spain,Saudi Arabia,4-0,H,0.7612,0.1399,0.0989,H,HEDGE,H,D,H,2,True,True,0.6478,0.1781,0.6213,True
m402,2026-06-21,Uruguay,Cabo Verde,2-2,D,0.5598,0.2816,0.1585,H,HEDGE,H,D,H,2,False,True,0.8862,0.2219,0.2782,True
m411,2026-06-22,France,Iraq,3-0,H,0.814,0.1455,0.0404,H,HEDGE,H,D,H,2,True,True,0.5258,0.1171,0.6685,True
m412,2026-06-22,Argentina,Austria,2-0,H,0.6823,0.1583,0.1593,H,HEDGE,H,A,H,2,True,True,0.7694,0.1583,0.523,True
m413,2026-06-22,Norway,Senegal,3-2,H,0.4367,0.2275,0.3358,H,HEDGE,H,A,H,2,True,True,0.9695,0.147,0.101,True
m414,2026-06-22,Jordan,Algeria,1-1,D,0.2444,0.3037,0.4519,A,HEDGE,A,D,A,2,False,True,0.9696,0.1381,0.1482,True
m415,2026-06-23,Portugal,Uzbekistan,5-0,H,0.7933,0.1312,0.0755,H,HEDGE,H,D,H,2,True,True,0.5873,0.1553,0.662,True
m416,2026-06-23,Colombia,DR Congo,1-0,H,0.7091,0.1551,0.1358,H,HEDGE,H,D,H,2,True,True,0.7317,0.1378,0.5541,True
m417,2026-06-23,England,Ghana,0-0,D,0.6143,0.2657,0.12,H,HEDGE,H,D,H,2,False,True,0.8246,0.1681,0.3486,True
m418,2026-06-23,Panama,Croatia,0-1,A,0.1456,0.1769,0.6775,A,HEDGE,A,D,A,2,True,True,0.7744,0.1551,0.5006,True
m419,2026-06-24,Czechia,Mexico,0-3,A,0.0722,0.2032,0.7245,A,HEDGE,A,D,A,2,True,True,0.6801,0.0828,0.5213,True
m420,2026-06-24,South Africa,South Korea,1-0,H,0.4048,0.2377,0.3575,H,EXCLUDE,,,,0,True,False,0.9788,0.1748,0.0473,True
m421,2026-06-24,Switzerland,Canada,2-1,H,0.7285,0.1684,0.1031,H,HEDGE,H,D,H,2,True,True,0.6964,0.1168,0.5601,True
m422,2026-06-24,Bosnia and Herzegovina,Qatar,3-1,H,0.5162,0.2393,0.2445,H,HEDGE,H,A,H,2,True,True,0.9357,0.127,0.2717,True
m423,2026-06-24,Scotland,Brazil,0-3,A,0.1235,0.1358,0.7407,A,HEDGE,A,D,A,2,True,True,0.6843,0.1388,0.6049,True
m424,2026-06-24,Morocco,Haiti,4-2,H,0.7682,0.1396,0.0921,H,HEDGE,H,D,H,2,True,True,0.6345,0.1421,0.6286,True
m425,2026-06-25,Türkiye,USA,3-2,H,0.3643,0.2236,0.4122,A,EXCLUDE,,,,0,False,False,0.9722,0.1721,0.0479,True
m426,2026-06-25,Paraguay,Australia,0-0,D,0.1861,0.3573,0.4566,A,HEDGE,A,D,A,2,False,True,0.9454,0.1392,0.0992,True
m427,2026-06-25,Curaçao,Côte d'Ivoire,0-2,A,0.1142,0.1595,0.7263,A,HEDGE,A,D,A,2,True,True,0.7034,0.1285,0.5669,True
m428,2026-06-25,Ecuador,Germany,2-1,H,0.2627,0.1587,0.5787,A,HEDGE,A,H,A,2,False,True,0.8736,0.1803,0.316,True
m429,2026-06-25,Japan,Sweden,1-1,D,0.4204,0.3672,0.2124,H,EXCLUDE,,,,0,False,False,0.966,0.1345,0.0532,True
m430,2026-06-25,Tunisia,Netherlands,1-3,A,0.1442,0.1276,0.7282,A,HEDGE,A,H,A,2,True,True,0.7036,0.126,0.584,True
